ID,Nome,Categoria,Preço,Descrição
1,Proactive 4thgeneration collaboration,Beleza,393.27,Generation particularly section never mean six support body girl military human.
2,Compatible clear-thinking extranet,Beleza,367.09,Quality trade parent letter newspaper return human unit present four discuss upon without.
3,Stand-alone mission-critical success,Livros,208.29,Scientist fund produce culture cell staff realize good.
4,Reverse-engineered systemic artificial intelligence,Livros,149.51,Reach material issue now we wife main well audience long magazine film window blue.
5,De-engineered bi-directional protocol,Livros,129.4,Story ball term nature article avoid deal.
6,Enterprise-wide tertiary policy,Ferramentas,198.53,Teach and opportunity simply soldier may bar impact.
7,Fundamental radical archive,Roupas,195.35,Name happen cultural own anyone quite network professor safe peace manager.
8,Inverse high-level throughput,Esportes,78.46,Color work parent this through work position after.
9,Right-sized 3rdgeneration Graphical User Interface,Eletrônicos,471.94,Natural ball certainly decide word live war do huge.
10,User-centric bi-directional product,Ferramentas,408.75,Check image either knowledge respond boy action popular personal pressure for.
11,Managed didactic project,Roupas,228.16,Worker early court admit treat free market fact.
12,Cross-platform multi-state architecture,Alimentos,203.07,Seek fact area development piece suddenly short cover might director black stuff.
13,Phased local capacity,Eletrônicos,133.72,Move similar find operation also apply article science upon Mrs after.
14,Fully-configurable eco-centric algorithm,Alimentos,495.35,Relate develop when professor dinner nice most adult really long law nation fear suggest.
15,Team-oriented contextually-based approach,Brinquedos,485.96,Civil unit doctor wear close who morning business.
16,Programmable asynchronous superstructure,Esportes,101.65,Really weight our event man ability politics shake return work mouth dark over.
17,Optimized demand-driven success,Beleza,105.04,Data must concern something simple surface trip young.
18,Robust maximized time-frame,Brinquedos,223.66,Learn several picture cost training debate behind where address husband month exist onto.
19,Synchronized hybrid secured line,Beleza,362.67,Require food image former good hand actually.
20,Total discrete challenge,Ferramentas,227.49,Right economy who thing season already reflect time than class talk.
21,Team-oriented non-volatile circuit,Esportes,423.19,Example cold base state sing care itself station view though partner capital talk.
22,Streamlined encompassing collaboration,Roupas,216.17,Serious despite spring dinner the situation cover large TV rock fall break weight live wife.
23,Progressive regional standardization,Ferramentas,224.36,Pm do these whether factor hold physical successful natural inside letter opportunity.
24,Exclusive dedicated open system,Alimentos,42.98,Knowledge north challenge record speak huge activity hard machine game enjoy pattern another stay on.
25,Optimized coherent leverage,Livros,479.6,Security any front paper believe case generation team speak receive again realize.
26,Enhanced exuding middleware,Roupas,305.52,Hour something discuss effect we environment majority between popular anything these training interesting.
27,Expanded client-server matrices,Ferramentas,225.43,Themselves room vote project set themselves inside concern.
28,Customizable actuating budgetary management,Roupas,476.35,East seem subject skin discover else difficult you skill life mouth detail myself.
29,User-friendly composite encryption,Eletrônicos,18.78,Key deal between control growth eat plan finally develop parent letter friend.
30,Implemented heuristic knowledgebase,Ferramentas,294.49,Hour rest from buy senior song citizen agreement Republican understand describe.
31,Fundamental background support,Beleza,380.53,Interest everything particularly general whole itself argue me theory.
32,Organized heuristic protocol,Beleza,55.71,Carry attention movement forget away man remember painting than note suggest.
33,Multi-channeled systemic analyzer,Beleza,219.96,Score husband third lay keep international help sure fact learn carry week house.
34,Devolved executive challenge,Esportes,383.41,Couple decision since machine image soldier low.
35,Sharable 4thgeneration hardware,Brinquedos,216.81,Head authority parent economic line buy lay while daughter ahead popular manage direction like.
36,Sharable intermediate encryption,Beleza,165.58,Officer once call let bad also few quite type market nation group.
37,Multi-channeled multi-tasking pricing structure,Ferramentas,480.34,Attack dream reach family evening deal new class laugh low.
38,Cloned intermediate project,Ferramentas,260.77,Meet head within hold across feel property better few personal.
39,Multi-layered non-volatile complexity,Alimentos,362.25,Shoulder each population prevent matter indeed there gun rich.
40,Universal needs-based access,Eletrônicos,376.56,Either rather magazine spend just up ask fall necessary cup research read position.
41,Secured 24hour project,Roupas,290.74,Affect field little live you young relate view notice.
42,Visionary solution-oriented secured line,Ferramentas,302.35,Minute more cost fact politics they little work tree approach.
43,Diverse eco-centric interface,Eletrônicos,212.26,Main fund past cup red music threat yourself some cold material certainly live him.
44,Reverse-engineered explicit methodology,Brinquedos,159.36,Up across use quality according newspaper new smile should spring section build enjoy wrong study trial.
45,Operative coherent extranet,Roupas,241.29,Meet his take wife bill meet from rich he write husband soon the Congress include.
46,Realigned incremental info-mediaries,Beleza,91.67,High trade term clearly difficult individual large camera fact mother rock common race be answer responsibility.
47,Operative 3rdgeneration array,Brinquedos,202.84,Avoid human behind ask role set admit he television.
48,Public-key needs-based budgetary management,Eletrônicos,127.76,Bit body brother class various which without country important us to third watch street.
49,Networked uniform synergy,Roupas,417.29,Themselves full first commercial step bank send conference manage act explain serious outside all plan.
50,Compatible radical instruction set,Roupas,313.86,Group fine include down allow one recently.
51,Managed 6thgeneration algorithm,Esportes,384.74,Free risk money almost tonight someone life section top yeah really bring million democratic network then.
52,Profound logistical workforce,Roupas,259.82,Want instead above bag data science any play could show along environmental structure method generation debate.
53,Innovative 6thgeneration concept,Livros,45.48,Teach apply others school do ago begin range skin threat travel.
54,User-friendly next generation approach,Livros,477.0,Town people others right officer a quite operation trial education enjoy single improve necessary tough.
55,Mandatory zero administration moderator,Ferramentas,40.68,Up defense run western section relationship admit consider door themselves certain officer magazine.
56,Compatible hybrid paradigm,Ferramentas,448.8,Indeed level improve amount could can avoid kind oil safe help note growth project.
57,Universal explicit time-frame,Beleza,187.38,Seem finish push voice return fill dinner away usually especially.
58,Front-line object-oriented open system,Ferramentas,239.48,Shoulder until picture policy deep all stay election seat conference way.
59,Stand-alone dynamic portal,Livros,43.4,Free center truth local international white these force bad computer mind prevent miss life hair.
60,Future-proofed foreground function,Ferramentas,91.78,Administration yeah friend reason not argue meeting understand treatment record war guess it do news none.
61,Monitored foreground solution,Beleza,279.07,Check entire democratic already say maybe home energy threat policy study see way beat modern across.
62,Down-sized well-modulated encryption,Beleza,290.09,Sea religious require loss network trip not like different mind think.
63,Enterprise-wide grid-enabled software,Livros,128.03,Carry capital myself see try fund suffer daughter just minute place cold you character there need.
64,Business-focused intermediate complexity,Ferramentas,270.39,Material police three then popular take player fire edge candidate open activity.
65,Realigned static analyzer,Eletrônicos,322.98,Officer wait night watch discover rich drug exist arrive natural election rule.
66,Visionary bi-directional open system,Roupas,212.05,Never against dream ever center why hour thus politics lay their authority small top.
67,Function-based multi-state adapter,Livros,398.54,Television fight society consider leg white magazine skill tough on chance kid instead.
68,Realigned actuating extranet,Alimentos,279.62,Also add public by price consider country walk try dream pay he two civil himself.
69,Profound 24hour architecture,Beleza,451.39,Soon subject kitchen action off rather card audience teacher night week if instead particularly fly.
70,Seamless dynamic model,Livros,67.82,Similar almost military direction thing into paper election second could positive way.
71,Phased zero-defect hardware,Ferramentas,416.44,Act marriage front program authority field pattern law.
72,Seamless high-level archive,Alimentos,423.91,Movement pressure federal somebody without indicate worry nor at.
73,Face-to-face even-keeled frame,Eletrônicos,118.98,Defense environmental include later ok moment live enter manage.
74,Advanced actuating implementation,Roupas,383.21,When customer small under but suggest energy move network worry protect budget.
75,Face-to-face intangible implementation,Eletrônicos,255.35,Reveal owner church in over low face class trip very others son area.
76,Integrated intangible process improvement,Beleza,339.44,Middle attack short ago capital husband reach region here.
77,Enterprise-wide neutral software,Ferramentas,372.39,Assume pattern group second still allow test window rise first along become simple thought past.
78,Realigned value-added Graphical User Interface,Roupas,85.83,Dream month front over sound speak some president hotel health factor talk because improve use employee.
79,Stand-alone empowering encryption,Roupas,148.63,Laugh word authority chance go recent audience stand large scene race shake large hand.
80,Programmable bandwidth-monitored productivity,Roupas,409.36,Fast heart part include training race its moment almost military trial opportunity apply.
81,Enhanced full-range hub,Brinquedos,223.85,Name visit country news ability beat oil different staff TV save.
82,Ergonomic homogeneous success,Ferramentas,173.56,Share discuss person break rest federal identify eat range improve two commercial perform it.
83,Vision-oriented uniform time-frame,Beleza,299.22,Everything lawyer physical main end firm water school we apply member effect break.
84,Distributed maximized time-frame,Esportes,456.16,Increase piece point particular key subject usually million prepare tend something say see.
85,Devolved leadingedge paradigm,Beleza,428.58,Little simple foreign challenge big maybe difficult knowledge question simply open service woman way spring.
86,Persevering intangible standardization,Esportes,171.22,Boy door husband professional interesting better might color billion.
87,Virtual actuating concept,Alimentos,488.31,Stuff American follow test main Congress appear respond.
88,Implemented intangible hierarchy,Roupas,150.1,Situation catch south character its I none all heart wait send rest like data memory.
89,Down-sized explicit middleware,Beleza,267.18,Term certain plan large ball she member may.
90,Enhanced needs-based time-frame,Eletrônicos,36.49,Every change other believe standard manager doctor seek side opportunity rate my.
91,Persevering transitional interface,Alimentos,23.79,If him popular center personal nearly foot population piece respond standard also everyone anyone each.
92,Integrated empowering leverage,Brinquedos,496.98,Describe arrive cell theory good agreement according fight message whether game away.
93,Extended national workforce,Livros,305.66,But meeting not effort order article positive miss.
94,Multi-layered bottom-line archive,Eletrônicos,469.14,Factor particularly cut instead forward manager account fall sort.
95,Team-oriented upward-trending structure,Alimentos,185.98,Never far instead particularly pretty minute list point.
96,Face-to-face 3rdgeneration forecast,Livros,283.06,Study outside common answer game answer despite foreign.
97,Extended uniform conglomeration,Brinquedos,297.99,Player management her include hundred drug movement argue often.
98,Assimilated dedicated help-desk,Beleza,182.85,Sound we stop argue change Congress work mouth forward tree sister ok.
99,Progressive optimizing Graphic Interface,Beleza,157.33,Oil have beat start over threat debate although television both hundred deep cut base.
100,Exclusive well-modulated interface,Alimentos,161.54,Senior cost author provide building yard about or.
